File Name,Term
0000_LSC - Vaga.mp4,Vaga
0001_LSC - Manifestació.mp4,Manifestació
0002_LSC - Copiar.mp4,Copiar
0003_LSC - Becari ⧸ Becària.mp4,Becari ⧸ Becària
0004_LSC - Fuster.mp4,Fuster
0005_LSC -  Horari.mp4,Horari
0006_LSC - Impremta.mp4,Impremta
0007_LSC - Jardiner.mp4,Jardiner
0008_LSC - Jutge.mp4,Jutge
0009_LSC -  Lampista.mp4,Lampista
0010_LSC - Mecànic.mp4,Mecànic
0011_LSC - Pintor (1).mp4,Pintor (1)
0012_LSC - Pintor (2).mp4,Pintor (2)
0013_LSC - Professió.mp4,Professió
0014_LSC - Secretari.mp4,Secretari
0015_LSC - Sou.mp4,Sou
0016_LSC - Taller.mp4,Taller
0017_LSC - Venedor.mp4,Venedor
0018_LSC -  Xarxa de pescar.mp4,Xarxa de pescar
0019_LSC - Biblioteca.mp4,Biblioteca
0020_LSC - Feina.mp4,Feina
0021_LSC - Pescador.mp4,Pescador
0022_LSC - Pic.mp4,Pic
0023_LSC - Administratiu.mp4,Administratiu
0024_LSC -  Advocat.mp4,Advocat
0025_LSC  - Alicates.mp4,Alicates
0026_LSC - Atur.mp4,Atur
0027_LSC - Bomber.mp4,Bomber
0028_LSC  - Cambrer.mp4,Cambrer
0029_LSC - Comptable.mp4,Comptable
0030_LSC - Cuiner.mp4,Cuiner
0031_LSC - Dependent.mp4,Dependent
0032_LSC - Despatx.mp4,Despatx
0033_LSC - Director.mp4,Director
0034_LSC - Electricista.mp4,Electricista
0035_LSC - Estanc.mp4,Estanc
0036_LSC - Fabrica 1.mp4,Fabrica 1
0037_LSC - Fabrica 2.mp4,Fabrica 2
0038_LSC - Notari.mp4,Notari
0039_LSC - Obres.mp4,Obres
0040_LSC - Oficina.mp4,Oficina
0041_LSC - Pagès.mp4,Pagès
0042_LSC - Pala.mp4,Pala
0043_LSC -  Paleta (eina).mp4,Paleta (eina)
0044_LSC - Paleta (ofici).mp4,Paleta (ofici)
0045_LSC - Perruquer.mp4,Perruquer
0046_LSC - Dofí.mp4,Dofí
0047_LSC - Ocell.mp4,Ocell
0048_LSC - Paó.mp4,Paó
0049_LSC - Papallona.mp4,Papallona
0050_LSC - Peix 2.mp4,Peix 2
0051_LSC - Peix.mp4,Peix
0052_LSC - Pingüí.mp4,Pingüí
0053_LSC - Pop.mp4,Pop
0054_LSC - Porc senglar.mp4,Porc senglar
0055_LSC - Porc.mp4,Porc
0056_LSC - Ovella 2.mp4,Ovella 2
0057_LSC - Ovella.mp4,Ovella
0058_LSC - Ós 2.mp4,Ós 2
0059_LSC - Ós 1.mp4,Ós 1
0060_LSC - Mussol.mp4,Mussol
0061_LSC - Mosquit.mp4,Mosquit
0062_LSC - Mosca.mp4,Mosca
0063_LSC - Mico.mp4,Mico
0064_LSC - Mico 2.mp4,Mico 2
0065_LSC - Lloro.mp4,Lloro
0066_LSC - Lleó.mp4,Lleó
0067_LSC - Llangardaix.mp4,Llangardaix
0068_LSC - Cangur.mp4,Cangur
0069_LSC - Guepard.mp4,Guepard
0070_LSC - Granota 3.mp4,Granota 3
0071_LSC - Granota.mp4,Granota
0072_LSC - Brau Toro.mp4,Brau Toro
0073_LSC -  Animal salvatge.mp4,Animal salvatge
0074_LSC - Animal.mp4,Animal
0075_LSC - Ànec.mp4,Ànec
0076_LSC - Ànec 2.mp4,Ànec 2
0077_LSC - Balena.mp4,Balena
0078_LSC - Àliga.mp4,Àliga
0079_LSC - Animal domèstic.mp4,Animal domèstic
0080_LSC - Cabra.mp4,Cabra
0081_LSC - Ase.mp4,Ase
0082_LSC - Aranya.mp4,Aranya
0083_LSC -  Zebra.mp4,Zebra
0084_LSC - Vaca.mp4,Vaca
0085_LSC -  Xai.mp4,Xai
0086_LSC - Abella.mp4,Abella
0087_LSC - Gall 1.mp4,Gall 1
0088_LSC - Camell.mp4,Camell
0089_LSC - Cargol 1.mp4,Cargol 1
0090_LSC - Cargol 2.mp4,Cargol 2
0091_LSC - Cavall.mp4,Cavall
0092_LSC - Cocodril.mp4,Cocodril
0093_LSC - Colom 2.mp4,Colom 2
0094_LSC - Colom.mp4,Colom
0095_LSC - Conill.mp4,Conill
0096_LSC - Cranc.mp4,Cranc
0097_LSC - Elefant.mp4,Elefant
0098_LSC - Esquirol.mp4,Esquirol
0099_LSC - Estruç.mp4,Estruç
0100_LSC - Foca.mp4,Foca
0101_LSC - Gall 2.mp4,Gall 2
0102_LSC - Gall 3.mp4,Gall 3
0103_LSC - Gall d'indi.mp4,Gall d'indi
0104_LSC - Gallina.mp4,Gallina
0105_LSC - Gat.mp4,Gat
0106_LSC - Gos.mp4,Gos
0107_LSC - Granota 2.mp4,Granota 2
0108_LSC - Guineu.mp4,Guineu
0109_LSC - Hipopòtam.mp4,Hipopòtam
0110_LSC -  Peix 3.mp4,Peix 3
0111_LSC - Rata.mp4,Rata
0112_LSC - Ratolí.mp4,Ratolí
0113_LSC - Ratpenat.mp4,Ratpenat
0114_LSC - Rinoceront.mp4,Rinoceront
0115_LSC - Serp.mp4,Serp
0116_LSC - Tauró.mp4,Tauró
0117_LSC - Tigre.mp4,Tigre
0118_LSC - Vespa.mp4,Vespa
0119_LSC - Canari.mp4,Canari
0120_LSC - Mamífer.mp4,Mamífer
0121_LSC - Periquito.mp4,Periquito
0122_LSC - Ajuntament.mp4,Ajuntament
0123_LSC  -  Carnet de conduir.mp4,Carnet de conduir
0124_LSC  -  Carnet d'identitat.mp4,Carnet d'identitat
0125_LSC  -  Comissaria.mp4,Comissaria
0126_LSC -  Fiscal.mp4,Fiscal
0127_LSC  -  Judici.mp4,Judici
0128_LSC -  Passaport.mp4,Passaport
0129_LSC -  Presó.mp4,Presó
0130_LSC - Alcalde.mp4,Alcalde
0131_LSC -  Internacional 1.mp4,Internacional 1
0132_LSC - Llei.mp4,Llei
0133_LSC - Referèndum.mp4,Referèndum
0134_LSC- - Llibertat.mp4,- Llibertat
0135_LSC - Jutjat.mp4,Jutjat
0136_LSC - Internacional 2.mp4,Internacional 2
0138_LSC - Independència Autonomia.mp4,Independència Autonomia
0139_LSC - Himne.mp4,Himne
0140_LSC - Guardia urbana.mp4,Guardia urbana
0141_LSC - Govern.mp4,Govern
0142_LSC - Generalitat.mp4,Generalitat
0143_LSC - Funcionari.mp4,Funcionari
0144_LSC - Eleccions.mp4,Eleccions
0145_LSC - Diputat Diputada.mp4,Diputat Diputada
0146_LSC - Departament Conselleria.mp4,Departament Conselleria
0147_LSC - Democràcia.mp4,Democràcia
0148_LSC - Contracte.mp4,Contracte
0149_LSC - Conseller.mp4,Conseller
0150_LSC -  Carta.mp4,Carta
0151_LSC - Bandera.mp4,Bandera
0152_LSC -  Associació.mp4,Associació
0153_LSC - Assamblea.mp4,Assamblea
0154_LSC - Concertat ⧸ Concertada.mp4,Concertat ⧸ Concertada
0156_LSC - Parlament.mp4,Parlament
0157_LSC - Ordre.mp4,Ordre
0158_LSC - Política.mp4,Política
0159_LSC - Privat ⧸ Privada.mp4,Privat ⧸ Privada
0161_LSC - Banc (1).mp4,Banc (1)
0162_LSC - Deute.mp4,Deute
0163_LSC - Floristeria.mp4,Floristeria
0164_LSC - Supermercat.mp4,Supermercat
0165_LSC - Targeta de crèdit dèbit.mp4,Targeta de crèdit dèbit
0166_LSC - Pesar.mp4,Pesar
0167_LSC - Perruqueria.mp4,Perruqueria
0168_LSC - Peixateria.mp4,Peixateria
0169_LSC - Pastisseria.mp4,Pastisseria
0170_LSC - Oferta.mp4,Oferta
0171_LSC - Moneda.mp4,Moneda
0172_LSC - Magatzem.mp4,Magatzem
0173_LSC - Llogar.mp4,Llogar
0174_LSC - Hotel.mp4,Hotel
0175_LSC - Fruiteria.mp4,Fruiteria
0176_LSC - Fleca.mp4,Fleca
0177_LSC - Ferreteria.mp4,Ferreteria
0178_LSC - Factura.mp4,Factura
0179_LSC - Euro.mp4,Euro
0180_LSC - Diners.mp4,Diners
0181_LSC - De franc Gratis.mp4,De franc Gratis
0182_LSC - Client.mp4,Client
0183_LSC - Centre comercial.mp4,Centre comercial
0184_LSC - Cèntim.mp4,Cèntim
0185_LSC - Carnisseria.mp4,Carnisseria
0186_LSC - Joieria.mp4,Joieria
0187_LSC - Tiquet.mp4,Tiquet
0188_LSC - Sabateria.mp4,Sabateria
0189_LSC - Restaurant.mp4,Restaurant
0190_LSC - Rebaixes.mp4,Rebaixes
0191_LSC - Pressupost.mp4,Pressupost
0192_LSC - Car.mp4,Car
0193_LSC - Canvi de moneda.mp4,Canvi de moneda
0194_LSC - Botiga.mp4,Botiga
0195_LSC - Bitllet.mp4,Bitllet
0196_LSC -  Barat.mp4,Barat
0197_LSC - Bar.mp4,Bar
0198_LSC -  Banc 2.mp4,Banc 2
0199_LSC - Comerç.mp4,Comerç
0200_LSC - Economia.mp4,Economia
0202_LSC - Veí ⧸ veïna.mp4,Veí ⧸ veïna
0203_LSC - Terrassa.mp4,Terrassa
0204_LSC - Barcelona.mp4,Barcelona
0205_LSC -  Vorera.mp4,Vorera
0206_LSC -  Sud.mp4,Sud
0207_LSC - Sorra.mp4,Sorra
0208_LSC - Riu.mp4,Riu
0209_LSC - Rambla.mp4,Rambla
0210_LSC - Plaça.mp4,Plaça
0211_LSC -  Pedra 2.mp4,Pedra 2
0212_LSC - Paperera.mp4,Paperera
0213_LSC - País.mp4,País
0214_LSC - Oceà.mp4,Oceà
0215_LSC - Nord.mp4,Nord
0216_LSC - Món.mp4,Món
0217_LSC -  Jardi públic.mp4,Jardi públic
0218_LSC - Vall.mp4,Vall
0219_LSC - Tobogan.mp4,Tobogan
0220_LSC - Tarragona.mp4,Tarragona
0221_LSC - Semàfor.mp4,Semàfor
0222_LSC -  Pont.mp4,Pont
0223_LSC - Poble.mp4,Poble
0224_LSC - Platja.mp4,Platja
0225_LSC - Pedra 1.mp4,Pedra 1
0226_LSC - Passeig.mp4,Passeig
0227_LSC -  Pas de vianants.mp4,Pas de vianants
0228_LSC - Pàrquing.mp4,Pàrquing
0229_LSC - Parc.mp4,Parc
0230_LSC - Oest.mp4,Oest
0231_LSC - Muntanya.mp4,Muntanya
0232_LSC - Mar.mp4,Mar
0233_LSC -  Lleida.mp4,Lleida
0234_LSC - Llac.mp4,Llac
0235_LSC - Font de beure.mp4,Font de beure
0236_LSC -  Est.mp4,Est
0237_LSC - Església.mp4,Església
0238_LSC - Continent.mp4,Continent
0239_LSC - Cim.mp4,Cim
0240_LSC - Catalunya.mp4,Catalunya
0241_LSC - Carrer.mp4,Carrer
0242_LSC - Camí.mp4,Camí
0243_LSC - Bústia.mp4,Bústia
0244_LSC - Barri.mp4,Barri
0245_LSC - Jardí de casa.mp4,Jardí de casa
0246_LSC - Gronxador.mp4,Gronxador
0247_LSC - Girona.mp4,Girona
0248_LSC - Font decorativa.mp4,Font decorativa
0249_LSC - Fanal.mp4,Fanal
0250_LSC - Embassament.mp4,Embassament
0251_LSC - Ciutat.mp4,Ciutat
0252_LSC - Català.mp4,Català
0253_LSC - Castell.mp4,Castell
0254_LSC -  Camping.mp4,Camping
0255_LSC -  Camp.mp4,Camp
0256_LSC - Bosc.mp4,Bosc
0257_LSC - Vacances.mp4,Vacances
0258_LSC - Tortosa.mp4,Tortosa
0259_LSC - Vinya.mp4,Vinya
0260_LSC - Vic.mp4,Vic
0261_LSC - Badalona.mp4,Badalona
0262_LSC -  Andorra (1).mp4,Andorra (1)
0263_LSC - Blanes.mp4,Blanes
0264_LSC - Calella.mp4,Calella
0265_LSC - Cambrils.mp4,Cambrils
0266_LSC - Comarca.mp4,Comarca
0267_LSC - Costa (1).mp4,Costa (1)
0268_LSC - Costa (2).mp4,Costa (2)
0269_LSC - Cruïlla.mp4,Cruïlla
0270_LSC - Ebre.mp4,Ebre
0271_LSC -  Geografia.mp4,Geografia
0272_LSC - Llobregat.mp4,Llobregat
0273_LSC - Manresa.mp4,Manresa
0274_LSC - Mataró.mp4,Mataró
0275_LSC - Montseny.mp4,Montseny
0276_LSC - Montserrat.mp4,Montserrat
0277_LSC - Olot.mp4,Olot
0278_LSC - Palafrugell.mp4,Palafrugell
0279_LSC - Pirineu (1).mp4,Pirineu (1)
0280_LSC - Ripoll.mp4,Ripoll
0281_LSC - Ter.mp4,Ter
0282_LSC - Terratrèmol.mp4,Terratrèmol
0283_LSC - Volcà.mp4,Volcà
0284_LSC - Val d'Aran (2).mp4,Val d'Aran (2)
0285_LSC - Viatge.mp4,Viatge
0286_LSC - Amic ⧸ amiga.mp4,Amic ⧸ amiga
0287_LSC -  Assetjament sexual.mp4,Assetjament sexual
0288_LSC - Mort.mp4,Mort
0289_LSC - Violència domèstica.mp4,Violència domèstica
0290_LSC -  Amor.mp4,Amor
0291_LSC -  Aniversari.mp4,Aniversari
0292_LSC - Avi ⧸ àvia.mp4,Avi ⧸ àvia
0293_LSC - Casat ⧸ casada.mp4,Casat ⧸ casada
0294_LSC  -  Cosí ⧸ cosina.mp4,Cosí ⧸ cosina
0295_LSC - Cunyat ⧸ cunyada.mp4,Cunyat ⧸ cunyada
0296_LSC -  Ells ⧸ elles.mp4,Ells ⧸ elles
0297_LSC -  Família.mp4,Família
0298_LSC - Fill ⧸ filla.mp4,Fill ⧸ filla
0299_LSC - Gai.mp4,Gai
0300_LSC -  Gendre.mp4,Gendre
0301_LSC -  Germà ⧸ germana.mp4,Germà ⧸ germana
0302_LSC - Heterosexual.mp4,Heterosexual
0303_LSC -  Homosexual.mp4,Homosexual
0304_LSC  - Jo.mp4,Jo
0305_LSC -  Lesbiana.mp4,Lesbiana
0306_LSC - Mare.mp4,Mare
0307_LSC - Marit.mp4,Marit
0308_LSC -  Muller.mp4,Muller
0309_LSC -  Neboda.mp4,Neboda
0310_LSC -  Nebot.mp4,Nebot
0311_LSC -  Nena.mp4,Nena
0312_LSC  -  Net ⧸ neta.mp4,Net ⧸ neta
0313_LSC -  Nora.mp4,Nora
0314_LSC -  Nosaltres.mp4,Nosaltres
0315_LSC - Oncle.mp4,Oncle
0316_LSC -  Pare.mp4,Pare
0317_LSC -  Parella.mp4,Parella
0318_LSC -  Persona (1).mp4,Persona (1)
0319_LSC -  Persona (2).mp4,Persona (2)
0320_LSC -  Sogra.mp4,Sogra
0321_LSC - Sogre.mp4,Sogre
0322_LSC -  Solter ⧸ soltera.mp4,Solter ⧸ soltera
0323_LSC  - Tia.mp4,Tia
0324_LSC -  Tu.mp4,Tu
0326_LSC - Viure.mp4,Viure
0327_LSC   Vosaltres dos.mp4,Vosaltres dos
0328_LSC  -  Vosaltres.mp4,Vosaltres
0329_LSC - Bessó ⧸ Bessona.mp4,Bessó ⧸ Bessona
0330_LSC - Divorciat ⧸ Divorciada.mp4,Divorciat ⧸ Divorciada
0331_LSC - Matrimoni.mp4,Matrimoni
0332_LSC - Nena.mp4,Nena
0333_LSC - Nen.mp4,Nen
0334_LSC - Nadó.mp4,Nadó
0335_LSC - Persona sordcega.mp4,Persona sordcega
0336_LSC - Persona signant.mp4,Persona signant
0337_LSC - Oïdor ⧸ Oïdora.mp4,Oïdor ⧸ Oïdora
0338_LSC - Pocavergonya.mp4,Pocavergonya
0339_LSC - Boca.mp4,Boca
0340_LSC -  Braç.mp4,Braç
0341_LSC -  Cabells.mp4,Cabells
0342_LSC -  Cames.mp4,Cames
0343_LSC - Cap.mp4,Cap
0344_LSC - Cara (1).mp4,Cara (1)
0345_LSC -  Cara (2).mp4,Cara (2)
0346_LSC -  Cella.mp4,Cella
0347_LSC -  Coll.mp4,Coll
0348_LSC - Colze.mp4,Colze
0349_LSC - Cor.mp4,Cor
0350_LSC -  Cos humà.mp4,Cos humà
0351_LSC -  Dents (1).mp4,Dents (1)
0352_LSC -  Dents (2).mp4,Dents (2)
0353_LSC -  Dit.mp4,Dit
0354_LSC  -  Dits.mp4,Dits
0355_LSC  -  Dona.mp4,Dona
0356_LSC -  Genolls.mp4,Genolls
0357_LSC -  Gust.mp4,Gust
0358_LSC - Home.mp4,Home
0359_LSC -  Llengua.mp4,Llengua
0360_LSC - Mans.mp4,Mans
0361_LSC -  Nas.mp4,Nas
0362_LSC - Natges.mp4,Natges
0363_LSC - Oïda.mp4,Oïda
0364_LSC -  Olfacte.mp4,Olfacte
0365_LSC - Orella.mp4,Orella
0366_LSC -  Penis.mp4,Penis
0367_LSC - Pestanyes.mp4,Pestanyes
0368_LSC -  Peus.mp4,Peus
0369_LSC - Pit de dona.mp4,Pit de dona
0370_LSC - Pit.mp4,Pit
0371_LSC - Tacte.mp4,Tacte
0372_LSC - Taló.mp4,Taló
0373_LSC - Ull.mp4,Ull
0374_LSC -  Ungla.mp4,Ungla
0375_LSC - Vagina.mp4,Vagina
0376_LSC - Vista.mp4,Vista
0377_LSC - Panxa.mp4,Panxa
0378_LSC - Alt ⧸ alta.mp4,Alt ⧸ alta
0379_LSC -  Amable.mp4,Amable
0380_LSC - Amarg ⧸ amarga.mp4,Amarg ⧸ amarga
0381_LSC - Aspre ⧸ aspra.mp4,Aspre ⧸ aspra
0382_LSC - Baix ⧸ baixa.mp4,Baix ⧸ baixa
0383_LSC -  Bonic ⧸ bonica.mp4,Bonic ⧸ bonica
0384_LSC -  Brut ⧸ bruta.mp4,Brut ⧸ bruta
0385_LSC - Buit ⧸ buida.mp4,Buit ⧸ buida
0386_LSC -  Calent ⧸ calenta.mp4,Calent ⧸ calenta
0387_LSC -  Clar ⧸ clara.mp4,Clar ⧸ clara
0388_LSC -  Content ⧸ contenta.mp4,Content ⧸ contenta
0389_LSC -  Contrast.mp4,Contrast
0390_LSC  -  Curt ⧸ curta.mp4,Curt ⧸ curta
0391_LSC -  Dolç ⧸ dolça.mp4,Dolç ⧸ dolça
0392_LSC  -  Dur ⧸ dura.mp4,Dur ⧸ dura
0393_LSC -  Fals ⧸ falsa.mp4,Fals ⧸ falsa
0394_LSC - Fort ⧸ forta.mp4,Fort ⧸ forta
0395_LSC -  Fosc ⧸ fosca.mp4,Fosc ⧸ fosca
0396_LSC -  Fred ⧸ freda.mp4,Fred ⧸ freda
0397_LSC  -  Gasós ⧸ gasosa.mp4,Gasós ⧸ gasosa
0398_LSC -  Gran.mp4,Gran
0399_LSC -  Gros ⧸ grossa.mp4,Gros ⧸ grossa
0400_LSC -  Important.mp4,Important
0401_LSC -  Lent ⧸ lenta.mp4,Lent ⧸ lenta
0402_LSC -  Líquid ⧸ líquida.mp4,Líquid ⧸ líquida
0403_LSC -  Llarg ⧸ llarga (1).mp4,Llarg ⧸ llarga (1)
0404_LSC  -  Llarg ⧸ llarga (2).mp4,Llarg ⧸ llarga (2)
0405_LSC -  Lleig ⧸ lletja (1).mp4,Lleig ⧸ lletja (1)
0406_LSC -  Lleig ⧸ lletja (2).mp4,Lleig ⧸ lletja (2)
0407_LSC  -  Lleuger ⧸ lleugera.mp4,Lleuger ⧸ lleugera
0408_LSC  -  Maco ⧸ maca.mp4,Maco ⧸ maca
0409_LSC -  Meitat ⧸ mig.mp4,Meitat ⧸ mig
0410_LSC -  Millor.mp4,Millor
0411_LSC -  Mullat ⧸ mullada.mp4,Mullat ⧸ mullada
0412_LSC -  Net ⧸ neta.mp4,Net ⧸ neta
0413_LSC  -  Nou ⧸ nova.mp4,Nou ⧸ nova
0414_LSC  -  Obert ⧸ oberta.mp4,Obert ⧸ oberta
0415_LSC -  Obligatori ⧸ obligatòria.mp4,Obligatori ⧸ obligatòria
0416_LSC - Ombra.mp4,Ombra
0417_LSC -  Pesat ⧸ pesada.mp4,Pesat ⧸ pesada
0418_LSC -  Petit ⧸ petita.mp4,Petit ⧸ petita
0419_LSC -  Pitjor.mp4,Pitjor
0420_LSC - Ple ⧸ plena (1).mp4,Ple ⧸ plena (1)
0421_LSC  -  Ple ⧸ plena (2).mp4,Ple ⧸ plena (2)
0422_LSC -  Prim ⧸ prima.mp4,Prim ⧸ prima
0423_LSC - Ràpid ⧸ ràpida.mp4,Ràpid ⧸ ràpida
0424_LSC  -  Ràpid (2).mp4,Ràpid (2)
0425_LSC  -  Ràpid (3).mp4,Ràpid (3)
0426_LSC  -  Sec ⧸ seca.mp4,Sec ⧸ seca
0427_LSC -  Segur ⧸ segura.mp4,Segur ⧸ segura
0428_LSC  -  Sòlid ⧸ sòlida.mp4,Sòlid ⧸ sòlida
0429_LSC  -  Suau.mp4,Suau
0430_LSC  -  Tancat ⧸ tancada.mp4,Tancat ⧸ tancada
0431_LSC  - Tou ⧸ tova.mp4,Tou ⧸ tova
0432_LSC  -  Trist ⧸ trista (1).mp4,Trist ⧸ trista (1)
0433_LSC  -  Trist ⧸ trista (2).mp4,Trist ⧸ trista (2)
0434_LSC  -  Vell ⧸ vella (cosa).mp4,Vell ⧸ vella (cosa)
0435_LSC  -  Veritat.mp4,Veritat
0436_LSC - Mentida.mp4,Mentida
0437_LSC - Públic ⧸ Pública.mp4,Públic ⧸ Pública
0439_LSC - Atletisme.mp4,Atletisme
0440_LSC - Vambes.mp4,Vambes
0441_LSC - Xandall.mp4,Xandall
0442_LSC -  Barça.mp4,Barça
0443_LSC -  Basquet.mp4,Basquet
0444_LSC -  Beisbol.mp4,Beisbol
0445_LSC -  Boxa.mp4,Boxa
0446_LSC -  Ciclisme.mp4,Ciclisme
0447_LSC -  Competició.mp4,Competició
0448_LSC -  Dard.mp4,Dard
0449_LSC -  Escacs.mp4,Escacs
0450_LSC -  Esport.mp4,Esport
0451_LSC -  Esquí.mp4,Esquí
0452_LSC -  Excursionisme.mp4,Excursionisme
0453_LSC -  Futbol.mp4,Futbol
0454_LSC -  Gimnàs.mp4,Gimnàs
0455_LSC -  Gimnàstica.mp4,Gimnàstica
0456_LSC -  Golf.mp4,Golf
0457_LSC -  Judo.mp4,Judo
0458_LSC -  Motociclisme.mp4,Motociclisme
0459_LSC -  Natació.mp4,Natació
0460_LSC -  Patinatge.mp4,Patinatge
0461_LSC -  Pesca.mp4,Pesca
0462_LSC -  Ping pong.mp4,Ping pong
0463_LSC - Piscina.mp4,Piscina
0464_LSC  -  Rugbi.mp4,Rugbi
0465_LSC  -  Tennis.mp4,Tennis
0466_LSC - Tir amb arc.mp4,Tir amb arc
0467_LSC - Vela.mp4,Vela
0468_LSC - Empat.mp4,Empat
0469_LSC - Gol (1).mp4,Gol (1)
0470_LSC - Graderia.mp4,Graderia
0471_LSC - Marcador.mp4,Marcador
0472_LSC - Partit.mp4,Partit
0473_LSC - RCD Espanyol.mp4,RCD Espanyol
0474_LSC - Vestidors.mp4,Vestidors
0475_LSC - Aplaudiment (signants).mp4,Aplaudiment (signants)
0476_LSC -  Frase.mp4,Frase
0477_LSC  -  Aplaudiment (oïdors).mp4,Aplaudiment (oïdors)
0478_LSC  -  Potser.mp4,Potser
0479_LSC -  Quan？ (futur).mp4,Quan？ (futur)
0480_LSC -  Quan？ (passat).mp4,Quan？ (passat)
0481_LSC -  Quin？ Quina？.mp4,Quin？ Quina？
0482_LSC  - Quina hora és？.mp4,Quina hora és？
0483_LSC -  Sí.mp4,Sí
0484_LSC  -  També.mp4,També
0485_LSC -  Tenir raó.mp4,Tenir raó
0486_LSC -  Diccionari.mp4,Diccionari
0487_LSC  -  Gramàtica.mp4,Gramàtica
0488_LSC -  Paraula.mp4,Paraula
0489_LSC -  Quant？ Quanta？.mp4,Quant？ Quanta？
0490_LSC  -  Signe.mp4,Signe
0491_LSC  - Signe personal.mp4,Signe personal
0493_LSC -  Qui？.mp4,Qui？
0494_LSC -  Què？.mp4,Què？
0495_LSC -  Quant val？.mp4,Quant val？
0496_LSC -  Antigament.mp4,Antigament
0497_LSC - Adjectiu (1).mp4,Adjectiu (1)
0498_LSC  - Adjectiu (2).mp4,Adjectiu (2)
0499_LSC - Adverbi (2).mp4,Adverbi (2)
0500_LSC -  Adverbi (1).mp4,Adverbi (1)
0501_LSC - Bon any nou.mp4,Bon any nou
0502_LSC - Bon nadal.mp4,Bon nadal
0503_LSC - Bones festes.mp4,Bones festes
0504_LSC - Canal vocabulari bàsic i signoms.mp4,Canal vocabulari bàsic i signoms
0505_LSC - Canal documents sobre i en LSC.mp4,Canal documents sobre i en LSC
0506_LSC - Classificador.mp4,Classificador
0507_LSC - Configuració.mp4,Configuració
0508_LSC - Dactitologia.mp4,Dactitologia
0509_LSC - Context.mp4,Context
0510_LSC - Expressió facial.mp4,Expressió facial
0511_LSC - Espai sígnic.mp4,Espai sígnic
0512_LSC - Interrogació.mp4,Interrogació
0513_LSC - Lingüística.mp4,Lingüística
0514_LSC - Llenguatge.mp4,Llenguatge
0515_LSC - Lletra.mp4,Lletra
0516_LSC - Lloc d'articulació.mp4,Lloc d'articulació
0517_LSC - Metafòra.mp4,Metafòra
0518_LSC - Moviment.mp4,Moviment
0519_LSC - Ni 2.mp4,Ni 2
0520_LSC - Nombre.mp4,Nombre
0522_LSC - Per si de cas.mp4,Per si de cas
0523_LSC - Per exemple.mp4,Per exemple
0524_LSC - Orientació.mp4,Orientació
0525_LSC - Pregunta.mp4,Pregunta
0526_LSC - Signar.mp4,Signar
0527_LSC - Tema.mp4,Tema
0528_LSC - Rol.mp4,Rol
0529_LSC - Subjecte.mp4,Subjecte
0530_LSC - Si condicional.mp4,Si condicional
0531_LSC - Títol.mp4,Títol
0532_LSC - Verb (1).mp4,Verb (1)
0533_LSC - Visual.mp4,Visual
0534_LSC - A baix ⧸ avall.mp4,A baix ⧸ avall
0535_LSC -  A dalt ⧸ amunt.mp4,A dalt ⧸ amunt
0536_LSC - A la dreta.mp4,A la dreta
0537_LSC -  A l'esquerra.mp4,A l'esquerra
0538_LSC -  A prop.mp4,A prop
0539_LSC -  Al mig.mp4,Al mig
0540_LSC - Allà.mp4,Allà
0541_LSC - Aquí.mp4,Aquí
0542_LSC -  Per tot arreu.mp4,Per tot arreu
0543_LSC -  Dins ⧸ dintre.mp4,Dins ⧸ dintre
0544_LSC -  Enlloc.mp4,Enlloc
0545_LSC - Fora.mp4,Fora
0546_LSC - Lluny.mp4,Lluny
0547_LSC - Sobre ⧸ damunt.mp4,Sobre ⧸ damunt
0548_LSC -  Sota ⧸ a sota.mp4,Sota ⧸ a sota
0549_LSC -  Darrere (1).mp4,Darrere (1)
0550_LSC - Darrere (2).mp4,Darrere (2)
0551_LSC  -  Davant.mp4,Davant
0552_LSC - Al voltant.mp4,Al voltant
0553_LSC -  Abraçar.mp4,Abraçar
0554_LSC  - Acabar.mp4,Acabar
0555_LSC - Acció.mp4,Acció
0556_LSC - Acompanyar.mp4,Acompanyar
0557_LSC - Agradar.mp4,Agradar
0558_LSC - Aixecar-se.mp4,Aixecar-se
0559_LSC - Ajudar.mp4,Ajudar
0560_LSC - Amagar.mp4,Amagar
0561_LSC - Anar.mp4,Anar
0562_LSC - Aprendre.mp4,Aprendre
0563_LSC - Arribar.mp4,Arribar
0564_LSC - Assenyalar.mp4,Assenyalar
0565_LSC - Avisar.mp4,Avisar
0566_LSC - Baixar.mp4,Baixar
0567_LSC - Banyar-se.mp4,Banyar-se
0568_LSC - Aturar-se.mp4,Aturar-se
0569_LSC - Beure.mp4,Beure
0570_LSC -  Callar (oïdors).mp4,Callar (oïdors)
0571_LSC  -  Callar (signants).mp4,Callar (signants)
0572_LSC  -  Caminar.mp4,Caminar
0573_LSC  -  Canviar (1).mp4,Canviar (1)
0574_LSC  -  Canviar (2).mp4,Canviar (2)
0575_LSC -  Caure.mp4,Caure
0576_LSC  -  Cobrar.mp4,Cobrar
0577_LSC  -  Començar.mp4,Començar
0578_LSC  -  Comprar.mp4,Comprar
0579_LSC -  Continuar.mp4,Continuar
0580_LSC  -  Córrer.mp4,Córrer
0581_LSC  -  Cridar.mp4,Cridar
0582_LSC  -  Curar.mp4,Curar
0583_LSC  -  Desar.mp4,Desar
0584_LSC -  Donar.mp4,Donar
0585_LSC  -  Dormir.mp4,Dormir
0586_LSC - Dur.mp4,Dur
0587_LSC  -  Dutxar- se.mp4,Dutxar- se
0588_LSC  -  Empènyer.mp4,Empènyer
0589_LSC  -  Ensenyar.mp4,Ensenyar
0590_LSC -  Entendre.mp4,Entendre
0591_LSC -  Escoltar (oïdors).mp4,Escoltar (oïdors)
0592_LSC -   Escoltar (signants).mp4,Escoltar (signants)
0593_LSC -  Escombrar.mp4,Escombrar
0594_LSC  -  Escriure.mp4,Escriure
0595_LSC  -  Esperar.mp4,Esperar
0596_LSC -  Estimar.mp4,Estimar
0597_LSC  -  Estudiar.mp4,Estudiar
0598_LSC  -  Explicar.mp4,Explicar
0599_LSC -  Fer falta.mp4,Fer falta
0600_LSC -  Fer un petó.mp4,Fer un petó
0601_LSC -  Fer.mp4,Fer
0602_LSC  - Haver-hi  ⧸ Hi ha.mp4,Haver-hi  ⧸ Hi ha
0603_LSC - Interessar.mp4,Interessar
0604_LSC  -  Jugar.mp4,Jugar
0605_LSC -  Llegir (1).mp4,Llegir (1)
0606_LSC -  Llegir (2).mp4,Llegir (2)
0607_LSC -  Menjar.mp4,Menjar
0608_LSC -  Nedar.mp4,Nedar
0609_LSC  -  Oblidar.mp4,Oblidar
0610_LSC  -  Orinar.mp4,Orinar
0611_LSC  -  Pagar.mp4,Pagar
0612_LSC  -  Parlar.mp4,Parlar
0613_LSC -  Passejar.mp4,Passejar
0614_LSC -  Pensar.mp4,Pensar
0615_LSC -  Perdonar 1.mp4,Perdonar 1
0616_LSC -  Perdonar 2.mp4,Perdonar 2
0617_LSC  -  Perdre.mp4,Perdre
0618_LSC -  Plorar.mp4,Plorar
0619_LSC - Portar.mp4,Portar
0620_LSC -  Posar- se dret.mp4,Posar- se dret
0621_LSC  -  Presentar.mp4,Presentar
0622_LSC -  Prohibir 1.mp4,Prohibir 1
0623_LSC -  Prohibir 2.mp4,Prohibir 2
0624_LSC -  Pujar.mp4,Pujar
0625_LSC  -   Quedar- se 1.mp4,Quedar- se 1
0626_LSC  -  Quedar- se 2.mp4,Quedar- se 2
0627_LSC -  Recordar.mp4,Recordar
0628_LSC -  Repetir 1.mp4,Repetir 1
0629_LSC - Riure.mp4,Riure
0630_LSC - Saber.mp4,Saber
0631_LSC - Saltar.mp4,Saltar
0632_LSC - Seure.mp4,Seure
0633_LSC - Signar.mp4,Signar
0634_LSC - Somriure.mp4,Somriure
0635_LSC - Tallar.mp4,Tallar
0636_LSC - Tenir cura de.mp4,Tenir cura de
0637_LSC - Treballar.mp4,Treballar
0638_LSC - Trobar.mp4,Trobar
0639_LSC - Vendre.mp4,Vendre
0640_LSC  -  Venir.mp4,Venir
0641_LSC - Veure.mp4,Veure
0642_LSC  -  Voler.mp4,Voler
0643_LSC -  Escapar.mp4,Escapar
0644_LSC -  Matar.mp4,Matar
0646_LSC - Comparar.mp4,Comparar
0648_LSC - Manar.mp4,Manar
0649_LSC - Obligar.mp4,Obligar
0650_LSC - Respectar.mp4,Respectar
0651_LSC - Suspendre.mp4,Suspendre
0652_LSC - Alumne ⧸ alumna.mp4,Alumne ⧸ alumna
0653_LSC - Bata.mp4,Bata
0654_LSC - Bolígraf.mp4,Bolígraf
0655_LSC - Calculadora.mp4,Calculadora
0656_LSC -  Calendari.mp4,Calendari
0657_LSC - Carrera.mp4,Carrera
0658_LSC - Clip.mp4,Clip
0659_LSC - Company ⧸ companya.mp4,Company ⧸ companya
0660_LSC -  Compàs.mp4,Compàs
0661_LSC -  Esbarjo.mp4,Esbarjo
0662_LSC -  Escola.mp4,Escola
0663_LSC - Estoig.mp4,Estoig
0664_LSC -  Estudis.mp4,Estudis
0665_LSC -  Fotocopiadora.mp4,Fotocopiadora
0667_LSC -  Goma d'esborrar.mp4,Goma d'esborrar
0668_LSC - Goma elàstica.mp4,Goma elàstica
0669_LSC -  Guix.mp4,Guix
0670_LSC - Institut.mp4,Institut
0671_LSC -  Joc.mp4,Joc
0672_LSC -  Llapis.mp4,Llapis
0673_LSC -  Llibre.mp4,Llibre
0674_LSC -  Llibreta.mp4,Llibreta
0675_LSC -  Lliçó.mp4,Lliçó
0676_LSC -  Mapa.mp4,Mapa
0677_LSC -  Maquineta.mp4,Maquineta
0678_LSC -  Material.mp4,Material
0679_LSC -  Motxilla.mp4,Motxilla
0680_LSC -  Quitxalla.mp4,Quitxalla
0681_LSC -  Paper.mp4,Paper
0682_LSC -  Pintura.mp4,Pintura
0683_LSC -  Pinzell.mp4,Pinzell
0684_LSC -  Pissarra.mp4,Pissarra
0685_LSC -  Plastilina.mp4,Plastilina
0686_LSC -  Professor ⧸ professora.mp4,Professor ⧸ professora
0687_LSC -  Regle.mp4,Regle
0688_LSC - Rellotge.mp4,Rellotge
0689_LSC -  Tisores.mp4,Tisores
0690_LSC -  Universitat.mp4,Universitat
0691_LSC - Aprovar.mp4,Aprovar
0692_LSC - Avaluació.mp4,Avaluació
0694_LSC - Biologia.mp4,Biologia
0697_LSC - Carrera.mp4,Carrera
0698_LSC - Classe.mp4,Classe
0700_LSC - Conferència.mp4,Conferència
0702_LSC - Curs.mp4,Curs
0704_LSC - Disciplina.mp4,Disciplina
0706_LSC - Educació infantil.mp4,Educació infantil
0707_LSC - Educació social.mp4,Educació social
0708_LSC - Electrònica.mp4,Electrònica
0709_LSC - Examen.mp4,Examen
0710_LSC - Expressió.mp4,Expressió
0711_LSC - Física.mp4,Física
0712_LSC - Educació física (1).mp4,Educació física (1)
0713_LSC - Educació física (2).mp4,Educació física (2)
0715_LSC - Infermeria (2).mp4,Infermeria (2)
0716_LSC - Infermeria (1).mp4,Infermeria (1)
0717_LSC - Informàtica (1).mp4,Informàtica (1)
0718_LSC - Informàtica (2).mp4,Informàtica (2)
0720_LSC - Matemàtiques (1).mp4,Matemàtiques (1)
0721_LSC - Matemàtiques (2).mp4,Matemàtiques (2)
0722_LSC - Medicina.mp4,Medicina
0725_LSC - Química.mp4,Química
0728_LSC - Abric.mp4,Abric
0729_LSC - Bolquers.mp4,Bolquers
0730_LSC - Botes.mp4,Botes
0731_LSC - Botons.mp4,Botons
0732_LSC - Bufanda.mp4,Bufanda
0733_LSC - Calces.mp4,Calces
0734_LSC -  Calçotets.mp4,Calçotets
0735_LSC - Camisa.mp4,Camisa
0736_LSC - Cinturó.mp4,Cinturó
0737_LSC -  Corbata.mp4,Corbata
0738_LSC - Diadema.mp4,Diadema
0739_LSC - Faldilla.mp4,Faldilla
0740_LSC -  Gorra.mp4,Gorra
0741_LSC -  Guants.mp4,Guants
0742_LSC -  Impermeable.mp4,Impermeable
0743_LSC - Jaqueta.mp4,Jaqueta
0744_LSC - Llaç.mp4,Llaç
0745_LSC - Mitges.mp4,Mitges
0746_LSC -  Mitjons.mp4,Mitjons
0747_LSC - Pantalons texans.mp4,Pantalons texans
0748_LSC -  Pijama.mp4,Pijama
0749_LSC - Pitet.mp4,Pitet
0750_LSC -  Roba.mp4,Roba
0751_LSC -  Sabates.mp4,Sabates
0752_LSC - Samarreta de tirants.mp4,Samarreta de tirants
0753_LSC -  Samarreta normal.mp4,Samarreta normal
0754_LSC - Sandàlies.mp4,Sandàlies
0755_LSC -  Sostenidor.mp4,Sostenidor
0756_LSC - Tirants (1).mp4,Tirants (1)
0757_LSC -  Tirants (2).mp4,Tirants (2)
0759_LSC -  Vestit.mp4,Vestit
0761_LSC - Capa.mp4,Capa
0762_LSC -  Botes de pluja.mp4,Botes de pluja
0763_LSC - Pantalons.mp4,Pantalons
0764_LSC - Aïguera.mp4,Aïguera
0765_LSC -  Arbre.mp4,Arbre
0766_LSC - Armari de roba.mp4,Armari de roba
0767_LSC - Ascensor.mp4,Ascensor
0768_LSC -  Assecador.mp4,Assecador
0769_LSC - Batedora.mp4,Batedora
0770_LSC -  Balcó.mp4,Balcó
0771_LSC -  Bombeta.mp4,Bombeta
0772_LSC - Butaca.mp4,Butaca
0773_LSC - Cadira.mp4,Cadira
0774_LSC - Calefacció.mp4,Calefacció
0775_LSC - Catifa.mp4,Catifa
0776_LSC -  Claus.mp4,Claus
0777_LSC - Coixí.mp4,Coixí
0778_LSC - Congelador.mp4,Congelador
0779_LSC - Cortina.mp4,Cortina
0780_LSC - Cuina.mp4,Cuina
0781_LSC - Cullera.mp4,Cullera
0782_LSC -  Dormitori.mp4,Dormitori
0783_LSC - Dutxa.mp4,Dutxa
0784_LSC - Escala.mp4,Escala
0785_LSC -  Escalfador.mp4,Escalfador
0786_LSC - Escombra.mp4,Escombra
0787_LSC - Escombraries.mp4,Escombraries
0788_LSC -  Expremedor.mp4,Expremedor
0789_LSC - Finestra.mp4,Finestra
0790_LSC - Flor.mp4,Flor
0791_LSC - Foc.mp4,Foc
0792_LSC - Forn.mp4,Forn
0793_LSC - Forquilla.mp4,Forquilla
0794_LSC - Galleda.mp4,Galleda
0795_LSC - Ganivet.mp4,Ganivet
0796_LSC - Garatge.mp4,Garatge
0797_LSC - Gerra.mp4,Gerra
0798_LSC - Got.mp4,Got
0799_LSC - Habitació de matrimoni.mp4,Habitació de matrimoni
0800_LSC -  Lavabo (1).mp4,Lavabo (1)
0801_LSC -  Lavabo (2).mp4,Lavabo (2)
0802_LSC - Llar de foc.mp4,Llar de foc
0803_LSC - Llençol.mp4,Llençol
0804_LSC - Llit.mp4,Llit
0805_LSC - Llum de sostre.mp4,Llum de sostre
0806_LSC - Llum de taula.mp4,Llum de taula
0807_LSC - Manta.mp4,Manta
0808_LSC -  Màquina d'afaitar.mp4,Màquina d'afaitar
0809_LSC -  Màquina de cosir.mp4,Màquina de cosir
0810_LSC - Menjador.mp4,Menjador
0811_LSC - Microones.mp4,Microones
0812_LSC -  Mirall.mp4,Mirall
0813_LSC - Mobles.mp4,Mobles
0814_LSC - Nevera.mp4,Nevera
0815_LSC - Objectes Estris.mp4,Objectes Estris
0816_LSC -  Olla.mp4,Olla
0817_LSC - Paella.mp4,Paella
0818_LSC - Paper de cuina.mp4,Paper de cuina
0819_LSC - Paper higiènic.mp4,Paper higiènic
0820_LSC - Paret.mp4,Paret
0821_LSC -  Passadís.mp4,Passadís
0822_LSC - Persiana.mp4,Persiana
0823_LSC - Planxa.mp4,Planxa
0824_LSC - Plat.mp4,Plat
0825_LSC - Porta.mp4,Porta
0826_LSC - Prestatgeria.mp4,Prestatgeria
0827_LSC - Quadre.mp4,Quadre
0828_LSC - Radiador.mp4,Radiador
0829_LSC - Recollidor (1).mp4,Recollidor (1)
0830_LSC - Recollidor (2).mp4,Recollidor (2)
0831_LSC - Rentadora.mp4,Rentadora
0832_LSC - Rentaplats.mp4,Rentaplats
0833_LSC - Sabó.mp4,Sabó
0834_LSC - Sofà (1).mp4,Sofà (1)
0835_LSC - Sofà (2).mp4,Sofà (2)
0836_LSC - Sostre.mp4,Sostre
0837_LSC - Tassa de wàter.mp4,Tassa de wàter
0838_LSC - Tassa.mp4,Tassa
0839_LSC - Taula de planxar.mp4,Taula de planxar
0840_LSC - Televisor.mp4,Televisor
0841_LSC - Terra.mp4,Terra
0843_LSC - Teulada.mp4,Teulada
0844_LSC - Tovalló.mp4,Tovalló
0845_LSC - Tovallola.mp4,Tovallola
0846_LSC - Xemeneia.mp4,Xemeneia
0847_LSC - Armari de cuina.mp4,Armari de cuina
0848_LSC -  Casa.mp4,Casa
0852_LSC -  Fuita d'aigua.mp4,Fuita d'aigua
0853_LSC  -  Fuita de gas.mp4,Fuita de gas
0855_LSC - Balcó.mp4,Balcó
0856_LSC - Fum.mp4,Fum
0857_LSC - Gas.mp4,Gas
0858_LSC - Pis.mp4,Pis
0859_LSC - Accident.mp4,Accident
0860_LSC -  Agent rural.mp4,Agent rural
0861_LSC  -  Agressió.mp4,Agressió
0862_LSC  -  Ajudar.mp4,Ajudar
0863_LSC -  Alarma.mp4,Alarma
0864_LSC -  Alcoholèmia (1).mp4,Alcoholèmia (1)
0865_LSC - Alcoholèmia (2).mp4,Alcoholèmia (2)
0866_LSC -  Amenaça.mp4,Amenaça
0867_LSC -  Arma blanca.mp4,Arma blanca
0868_LSC  -  Arma de foc.mp4,Arma de foc
0869_LSC -  Assalt.mp4,Assalt
0870_LSC -  Assetjament laboral.mp4,Assetjament laboral
0872_LSC  -  Bala.mp4,Bala
0873_LSC -  Baralla (1).mp4,Baralla (1)
0874_LSC - Baralla (2).mp4,Baralla (2)
0875_LSC -  Bomba.mp4,Bomba
0876_LSC -  Borratxera.mp4,Borratxera
0877_LSC  -  Càmera de vigilància.mp4,Càmera de vigilància
0880_LSC -  Cent dotze ⧸ 112.mp4,Cent dotze ⧸ 112
0881_LSC -  Clau.mp4,Clau
0882_LSC  -  Coacció.mp4,Coacció
0884_LSC -  Control de vigilància.mp4,Control de vigilància
0885_LSC -  Cotxe patrulla ⧸ cotxe de policia.mp4,Cotxe patrulla ⧸ cotxe de policia
0886_LSC -  Declaració.mp4,Declaració
0887_LSC -  Delicte.mp4,Delicte
0888_LSC -  Delinqüent.mp4,Delinqüent
0889_LSC  -  Denúncia.mp4,Denúncia
0890_LSC -  Desaparició.mp4,Desaparició
0891_LSC -  Detingut.mp4,Detingut
0892_LSC  -  Discriminació.mp4,Discriminació
0893_LSC -  Emergència.mp4,Emergència
0895_LSC -  Espiera.mp4,Espiera
0896_LSC -  Estrebada.mp4,Estrebada
0897_LSC  - Explosió.mp4,Explosió
0901_LSC -  Furt.mp4,Furt
0902_LSC -  Incendi.mp4,Incendi
0903_LSC -  Insult.mp4,Insult
0904_LSC -  Intèrfon.mp4,Intèrfon
0905_LSC -  Inundació.mp4,Inundació
0907_LSC -  Lladre.mp4,Lladre
0908_LSC -  Maltractament.mp4,Maltractament
0909_LSC - Manifestació.mp4,Manifestació
0910_LSC -  Manyà.mp4,Manyà
0912_LSC - Moneder.mp4,Moneder
0914_LSC - Mosso d'esquadra ⧸ Mossa d'esquadra.mp4,Mosso d'esquadra ⧸ Mossa d'esquadra
0915_LSC - Pany.mp4,Pany
0917_LSC -  Policia.mp4,Policia
0918_LSC -  Porta.mp4,Porta
0920_LSC -  Presoner ⧸ presonera.mp4,Presoner ⧸ presonera
0921_LSC -  Protecció civil.mp4,Protecció civil
0922_LSC -  Rescat.mp4,Rescat
0923_LSC -  Robatori.mp4,Robatori
0924_LSC - Segrest.mp4,Segrest
0925_LSC - Terratrèmol.mp4,Terratrèmol
0926_LSC - Testimoni.mp4,Testimoni
0927_LSC - Timbre.mp4,Timbre
0928_LSC  -  Urgència.mp4,Urgència
0929_LSC - Violació.mp4,Violació
0931_LSC - Zero noranta-dos ⧸ 092.mp4,Zero noranta-dos ⧸ 092
0932_LSC -  Cartera 1.mp4,Cartera 1
0933_LSC - Cartera 2.mp4,Cartera 2
0934_LSC -  Estafa.mp4,Estafa
0935_LSC -  Patrulla policial.mp4,Patrulla policial
0936_LSC - Noranta u.mp4,Noranta u
0937_LSC - Teleassistència.mp4,Teleassistència
0938_LSC - Velocitat.mp4,Velocitat
0939_LSC - Vaixell.mp4,Vaixell
0940_LSC - Tren.mp4,Tren
0941_LSC - Transport.mp4,Transport
0942_LSC - Trànsit.mp4,Trànsit
0943_LSC - Tramvia.mp4,Tramvia
0944_LSC - Telèferic.mp4,Telèferic
0945_LSC - Taxi.mp4,Taxi
0946_LSC - Submarí.mp4,Submarí
0947_LSC - Radar de trànsit.mp4,Radar de trànsit
0948_LSC - Radar aeri.mp4,Radar aeri
0949_LSC - Port.mp4,Port
0950_LSC - Peatge.mp4,Peatge
0951_LSC  - Patinet.mp4,Patinet
0952_LSC - Parada de tramvia.mp4,Parada de tramvia
0953_LSC - Parada de taxis.mp4,Parada de taxis
0954_LSC - Parada d'autobús.mp4,Parada d'autobús
0955_LSC - Multa.mp4,Multa
0956_LSC - Moto.mp4,Moto
0957_LSC - Metro.mp4,Metro
0958_LSC - Helicòpter.mp4,Helicòpter
0959_LSC - Gasolina.mp4,Gasolina
0960_LSC - Furgoneta.mp4,Furgoneta
0961_LSC -  Funicular.mp4,Funicular
0962_LSC -  Escales mecàniques.mp4,Escales mecàniques
0963_LSC - Cremallera.mp4,Cremallera
0964_LSC - Cotxe.mp4,Cotxe
0965_LSC - Cotxe de policia.mp4,Cotxe de policia
0966_LSC - Cotxe de bombers.mp4,Cotxe de bombers
0967_LSC - Carretera (2).mp4,Carretera (2)
0968_LSC - Carretera (1).mp4,Carretera (1)
0969_LSC - Camió.mp4,Camió
0970_LSC - Bicicleta.mp4,Bicicleta
0971_LSC - Avió.mp4,Avió
0972_LSC - Autovia.mp4,Autovia
0973_LSC - Autopista (1).mp4,Autopista (1)
0974_LSC - Autopista (2).mp4,Autopista (2)
0975_LSC - Autocar.mp4,Autocar
0976_LSC - Autobús.mp4,Autobús
0977_LSC - Ambulància.mp4,Ambulància
0978_LSC - Alcoholèmia.mp4,Alcoholèmia
0979_LSC - Aeroport.mp4,Aeroport
0983_LSC - Tractor.mp4,Tractor
0985_LSC - Braç trencat.mp4,Braç trencat
0986_LSC - Bony.mp4,Bony
0987_LSC - Bolquer.mp4,Bolquer
0988_LSC - Bena (2).mp4,Bena (2)
0989_LSC - Bena (1).mp4,Bena (1)
0990_LSC - Bàscula.mp4,Bàscula
0991_LSC - Barbeta.mp4,Barbeta
0992_LSC - Bacteri.mp4,Bacteri
0993_LSC - Avorrit ⧸ avorrida.mp4,Avorrit ⧸ avorrida
0994_LSC - Anticonceptiu.mp4,Anticonceptiu
0995_LSC - Antibiòtic.mp4,Antibiòtic
0996_LSC - Ansiós ⧸ ansiosa.mp4,Ansiós ⧸ ansiosa
0997_LSC - Ansietat.mp4,Ansietat
0998_LSC - Anàlisi clínica.mp4,Anàlisi clínica
0999_LSC - Ambulatori ⧸ CAP.mp4,Ambulatori ⧸ CAP
1000_LSC - Alegria.mp4,Alegria
1001_LSC - Alegre.mp4,Alegre
1002_LSC - Alcohol.mp4,Alcohol
1003_LSC - Pulmó (1).mp4,Pulmó (1)
1004_LSC - Preservatiu.mp4,Preservatiu
1005_LSC - Pomada.mp4,Pomada
1006_LSC - Píndola.mp4,Píndola
1007_LSC - Picada.mp4,Picada
1008_LSC - Operació.mp4,Operació
1009_LSC - Nerviós ⧸ nerviosa.mp4,Nerviós ⧸ nerviosa
1010_LSC - Molèstia.mp4,Molèstia
1011_LSC - Moc.mp4,Moc
1012_LSC - Metge ⧸ metgessa.mp4,Metge ⧸ metgessa
1013_LSC - Medecina.mp4,Medecina
1014_LSC - Mareig.mp4,Mareig
1015_LSC - Malalt ⧸ malalta.mp4,Malalt ⧸ malalta
1016_LSC - Mal de queixal.mp4,Mal de queixal
1017_LSC - Mal de panxa.mp4,Mal de panxa
1018_LSC - Mal de cap.mp4,Mal de cap
1019_LSC - Llitera.mp4,Llitera
1020_LSC - Llavi.mp4,Llavi
1021_LSC - Lent ⧸ lenta.mp4,Lent ⧸ lenta
1022_LSC - Iode.mp4,Iode
1023_LSC - Infermer ⧸ infermera.mp4,Infermer ⧸ infermera
1024_LSC - Infecció.mp4,Infecció
1025_LSC - Hospital.mp4,Hospital
1026_LSC - Grip.mp4,Grip
1027_LSC - Generositat.mp4,Generositat
1028_LSC - Generós ⧸ generosa.mp4,Generós ⧸ generosa
1029_LSC - Gandul ⧸ gandula.mp4,Gandul ⧸ gandula
1030_LSC - Galta.mp4,Galta
1031_LSC - Ferida.mp4,Ferida
1032_LSC - Febre.mp4,Febre
1033_LSC - Farmàcia.mp4,Farmàcia
1034_LSC - Estómac.mp4,Estómac
1035_LSC - Estat d'ànim.mp4,Estat d'ànim
1036_LSC - Esquena.mp4,Esquena
1037_LSC - Espatlla.mp4,Espatlla
1038_LSC - Embarassada.mp4,Embarassada
1039_LSC - Embaràs.mp4,Embaràs
1040_LSC - Educat ⧸ educada.mp4,Educat ⧸ educada
1041_LSC - Dolor.mp4,Dolor
1042_LSC - Dolor (intens).mp4,Dolor (intens)
1043_LSC - Dolor (anímic).mp4,Dolor (anímic)
1044_LSC - Diarrea.mp4,Diarrea
1045_LSC - Deprimit ⧸ deprimida.mp4,Deprimit ⧸ deprimida
1046_LSC - Depressió.mp4,Depressió
1047_LSC - Curiós ⧸ curiosa.mp4,Curiós ⧸ curiosa
1048_LSC - Cuixa.mp4,Cuixa
1049_LSC - Cremada.mp4,Cremada
1050_LSC - Crema solar.mp4,Crema solar
1051_LSC - Covard ⧸ covarda.mp4,Covard ⧸ covarda
1052_LSC - Cotó fluix.mp4,Cotó fluix
1053_LSC - Cop.mp4,Cop
1054_LSC - Compresa.mp4,Compresa
1055_LSC - Coit.mp4,Coit
1056_LSC - Coïssor.mp4,Coïssor
1057_LSC - Broma.mp4,Broma
1058_LSC - Xeringa.mp4,Xeringa
1059_LSC - Xarop.mp4,Xarop
1060_LSC - Vulva.mp4,Vulva
1061_LSC - Vòmit.mp4,Vòmit
1062_LSC - Virus.mp4,Virus
1063_LSC - Valent ⧸ valenta.mp4,Valent ⧸ valenta
1064_LSC - Urgències.mp4,Urgències
1065_LSC - Tristesa (1).mp4,Tristesa (1)
1066_LSC - Tristesa (2).mp4,Tristesa (2)
1067_LSC - Tractament.mp4,Tractament
1068_LSC - Tos.mp4,Tos
1069_LSC - Tireta.mp4,Tireta
1070_LSC - Tímid ⧸ tímida.mp4,Tímid ⧸ tímida
1071_LSC - Termòmetre.mp4,Termòmetre
1072_LSC - Tampó.mp4,Tampó
1073_LSC - Tall.mp4,Tall
1074_LSC - Supositori.mp4,Supositori
1075_LSC - Simpàtic ⧸ simpàtica.mp4,Simpàtic ⧸ simpàtica
1076_LSC - Sexualitat.mp4,Sexualitat
1077_LSC - Sexe.mp4,Sexe
1078_LSC - Seriós ⧸ seriosa.mp4,Seriós ⧸ seriosa
1079_LSC - Senzill.mp4,Senzill
1080_LSC - Respirar.mp4,Respirar
1081_LSC - Relació sexual.mp4,Relació sexual
1082_LSC - Refredat.mp4,Refredat
1083_LSC - Recepta.mp4,Recepta
1084_LSC - Radiografia.mp4,Radiografia
1085_LSC - Queixal.mp4,Queixal
1086_LSC - Pulmó (2).mp4,Pulmó (2)
1087_LSC - Al·lèrgia.mp4,Al·lèrgia
1088_LSC - Accident.mp4,Accident
1089_LSC - Aigua oxigenada.mp4,Aigua oxigenada
1101_LSC - Targeta sanitària.mp4,Targeta sanitària
1103_LSC - Gamba (1).mp4,Gamba (1)
1104_LSC - Galeta.mp4,Galeta
1105_LSC - Fuet.mp4,Fuet
1106_LSC - Fruita.mp4,Fruita
1107_LSC - Formatge.mp4,Formatge
1108_LSC - Flam.mp4,Flam
1109_LSC - Fava.mp4,Fava
1110_LSC - Farina.mp4,Farina
1111_LSC - Espinacs.mp4,Espinacs
1112_LSC - Espagueti (1).mp4,Espagueti (1)
1113_LSC - Espagueti (2).mp4,Espagueti (2)
1114_LSC - Esmorzar de primera hora.mp4,Esmorzar de primera hora
1115_LSC - Esmorzar de mig matí.mp4,Esmorzar de mig matí
1116_LSC - Entrepà.mp4,Entrepà
1117_LSC - Ensaïmada.mp4,Ensaïmada
1118_LSC - Enciam.mp4,Enciam
1119_LSC - Embotit.mp4,Embotit
1120_LSC - Dinar.mp4,Dinar
1121_LSC - Croqueta.mp4,Croqueta
1122_LSC - Croissant.mp4,Croissant
1123_LSC - Crispetes.mp4,Crispetes
1124_LSC - Aperitiu.mp4,Aperitiu
1125_LSC - Amanida.mp4,Amanida
1126_LSC - All.mp4,All
1127_LSC - Albergínia.mp4,Albergínia
1128_LSC - Albercoc.mp4,Albercoc
1129_LSC - Aigua.mp4,Aigua
1130_LSC - Pernil.mp4,Pernil
1131_LSC - Pèsol.mp4,Pèsol
1132_LSC - Pizza.mp4,Pizza
1133_LSC - Plàtan.mp4,Plàtan
1134_LSC - Pollastre.mp4,Pollastre
1135_LSC - Poma.mp4,Poma
1136_LSC - Postres.mp4,Postres
1137_LSC - Pernil dolç.mp4,Pernil dolç
1138_LSC - Pera.mp4,Pera
1139_LSC - Peix.mp4,Peix
1140_LSC - Pebrot.mp4,Pebrot
1141_LSC - Paté.mp4,Paté
1142_LSC - Patata.mp4,Patata
1143_LSC  - Pastisseria.mp4,Pastisseria
1144_LSC - Pastís.mp4,Pastís
1145_LSC - Pastanaga.mp4,Pastanaga
1146_LSC - Pasta.mp4,Pasta
1147_LSC - Paella (2).mp4,Paella (2)
1148_LSC - Paella (1).mp4,Paella (1)
1149_LSC - Pa.mp4,Pa
1150_LSC - Pa de pessic.mp4,Pa de pessic
1151_LSC - Pa de motlle.mp4,Pa de motlle
1152_LSC - Ou.mp4,Ou
1153_LSC - Oliva.mp4,Oliva
1154_LSC - Oli.mp4,Oli
1155_LSC - Nata.mp4,Nata
1156_LSC -  Musclo.mp4,Musclo
1157_LSC - Mongeta.mp4,Mongeta
1158_LSC - Mongeta tendra.mp4,Mongeta tendra
1159_LSC - Mercat.mp4,Mercat
1160_LSC - Meló.mp4,Meló
1161_LSC - Melmelada.mp4,Melmelada
1162_LSC - Mel.mp4,Mel
1163_LSC - Marisc.mp4,Marisc
1164_LSC - Mantega.mp4,Mantega
1165_LSC - Mandarina.mp4,Mandarina
1166_LSC - Maduixa.mp4,Maduixa
1167_LSC - Macarrons (1).mp4,Macarrons (1)
1168_LSC - Macarrons (2).mp4,Macarrons (2)
1169_LSC - Llimona.mp4,Llimona
1170_LSC - Llet.mp4,Llet
1171_LSC - Llentia.mp4,Llentia
1172_LSC - Llegum.mp4,Llegum
1173_LSC - Lasanya.mp4,Lasanya
1174_LSC - Kiwi.mp4,Kiwi
1175_LSC - Iogurt.mp4,Iogurt
1176_LSC - Infusió.mp4,Infusió
1177_LSC - Hamburguesa.mp4,Hamburguesa
1178_LSC - Gelat.mp4,Gelat
1179_LSC - Gamba (2).mp4,Gamba (2)
1180_LSC - Xoriço.mp4,Xoriço
1181_LSC - Xocolata.mp4,Xocolata
1182_LSC - Xampinyó.mp4,Xampinyó
1183_LSC - Vinagre.mp4,Vinagre
1184_LSC - Vi.mp4,Vi
1185_LSC - Vi negre.mp4,Vi negre
1186_LSC - Vermut.mp4,Vermut
1187_LSC - Verdura (1).mp4,Verdura (1)
1188_LSC - Verdura (2).mp4,Verdura (2)
1189_LSC - Torrada.mp4,Torrada
1190_LSC - Tonyina.mp4,Tonyina
1191_LSC - Tomàquet.mp4,Tomàquet
1192_LSC - Taronja.mp4,Taronja
1193_LSC - Tallat.mp4,Tallat
1194_LSC - Sucre (2).mp4,Sucre (2)
1195_LSC - Sucre (1).mp4,Sucre (1)
1196_LSC - Suc de fruita.mp4,Suc de fruita
1197_LSC - Sopar.mp4,Sopar
1198_LSC - Sopa.mp4,Sopa
1199_LSC - Síndria (1).mp4,Síndria (1)
1200_LSC - Síndria (2).mp4,Síndria (2)
1201_LSC - Sardina.mp4,Sardina
1202_LSC -  Salsitxa.mp4,Salsitxa
1203_LSC - Salsa.mp4,Salsa
1204_LSC - Salmó.mp4,Salmó
1205_LSC - Saler.mp4,Saler
1206_LSC - Sal.mp4,Sal
1207_LSC - Raïm.mp4,Raïm
1208_LSC - Puré.mp4,Puré
1209_LSC - Préssec.mp4,Préssec
1210_LSC - Crema.mp4,Crema
1211_LSC - Costella.mp4,Costella
1212_LSC - Coliflor.mp4,Coliflor
1213_LSC - Col.mp4,Col
1214_LSC - Cola (refresc).mp4,Cola (refresc)
1215_LSC - Coca (2).mp4,Coca (2)
1216_LSC - Coca (1).mp4,Coca (1)
1217_LSC - Cloïssa.mp4,Cloïssa
1218_LSC - Cirera.mp4,Cirera
1219_LSC - Cigró.mp4,Cigró
1220_LSC - Cervesa.mp4,Cervesa
1221_LSC - Cereal.mp4,Cereal
1222_LSC - Ceba.mp4,Ceba
1223_LSC - Cava (2).mp4,Cava (2)
1224_LSC - Cava (1).mp4,Cava (1)
1225_LSC - Carxofa.mp4,Carxofa
1226_LSC - Carn.mp4,Carn
1227_LSC - Caneló.mp4,Caneló
1228_LSC - Calçot.mp4,Calçot
1229_LSC - Calamar.mp4,Calamar
1230_LSC - Cafè.mp4,Cafè
1231_LSC - Botifarra.mp4,Botifarra
1232_LSC - Bombó.mp4,Bombó
1233_LSC - Bolet.mp4,Bolet
1234_LSC - Bleda.mp4,Bleda
1235_LSC - Blat de moro.mp4,Blat de moro
1236_LSC - Berenar.mp4,Berenar
1237_LSC - Beguda.mp4,Beguda
1238_LSC - Bacallà.mp4,Bacallà
1239_LSC - Arròs.mp4,Arròs
1240_LSC - All i oli.mp4,All i oli
1241_LSC - Maionesa.mp4,Maionesa
1242_LSC - Quètxup.mp4,Quètxup
1243_LSC - Fatxenderia.mp4,Fatxenderia
1244_LSC - Xerrera.mp4,Xerrera
1245_LSC - Valentia.mp4,Valentia
1246_LSC - Ganduleria.mp4,Ganduleria
1247_LSC - Tranquil·litat.mp4,Tranquil·litat
1248_LSC - Tranquil ⧸ tranquil·la (2).mp4,Tranquil ⧸ tranquil·la (2)
1249_LSC - Tranquil ⧸ tranquil·la (1).mp4,Tranquil ⧸ tranquil·la (1)
1250_LSC - Timidesa.mp4,Timidesa
1251_LSC - Simpatia.mp4,Simpatia
1252_LSC - Seriositat.mp4,Seriositat
1253_LSC - Senzillesa.mp4,Senzillesa
1254_LSC - Sentiment.mp4,Sentiment
1255_LSC - Presumir.mp4,Presumir
1256_LSC - Por.mp4,Por
1257_LSC - Estar nerviós.mp4,Estar nerviós
1258_LSC - Enuig.mp4,Enuig
1259_LSC - Educació.mp4,Educació
1260_LSC - Curiositat.mp4,Curiositat
1261_LSC - Covardia.mp4,Covardia
1262_LSC - Caràcter.mp4,Caràcter
1263_LSC - Cansament (2).mp4,Cansament (2)
1264_LSC - Cansament (1).mp4,Cansament (1)
1265_LSC - Calma.mp4,Calma
1266_LSC - Bromista.mp4,Bromista
1267_LSC - Avorriment (2).mp4,Avorriment (2)
1268_LSC - Avorriment (1).mp4,Avorriment (1)
1269_LSC - Agressivitat.mp4,Agressivitat
1271_LSC - Vergonya (2).mp4,Vergonya (2)
1272_LSC - Vergonya (1).mp4,Vergonya (1)
1273_LSC - A.mp4,A
1274_LSC - B.mp4,B
1275_LSC - C.mp4,C
1276_LSC - Ç.mp4,Ç
1277_LSC - Catorze - 14.mp4,Catorze - 14
1278_LSC - Cent - 100.mp4,Cent - 100
1279_LSC - Cinc - 5.mp4,Cinc - 5
1280_LSC - Cinc-cents - 500.mp4,Cinc-cents - 500
1281_LSC - Cinquanta - 50.mp4,Cinquanta - 50
1282_LSC - D.mp4,D
1283_LSC - Deu - 10.mp4,Deu - 10
1284_LSC - Dinou - 19.mp4,Dinou - 19
1285_LSC - Disset - 17.mp4,Disset - 17
1286_LSC - Divuit - 18.mp4,Divuit - 18
1287_LSC - Dos ⧸ dues - 2.mp4,Dos ⧸ dues - 2
1288_LSC - Dotze - 12.mp4,Dotze - 12
1289_LSC - E.mp4,E
1290_LSC - F.mp4,F
1291_LSC - G.mp4,G
1292_LSC - H.mp4,H
1293_LSC - I.mp4,I
1294_LSC - J.mp4,J
1295_LSC - K.mp4,K
1296_SLC - L.mp4,L
1297_LSC - L·L.mp4,L·L
1298_LSC - LL.mp4,LL
1299_LSC - M.mp4,M
1300_LSC - Mil - 1.000.mp4,Mil - 1.000
1301_LSC - Milió - 1.000.000.mp4,Milió - 1.000.000
1302_LSC - N.mp4,N
1303_LSC - Nou - 9.mp4,Nou - 9
1304_LSC - Número.mp4,Número
1305_LSC - NY.mp4,NY
1306_LSC - O.mp4,O
1307_LSC - Onze - 11.mp4,Onze - 11
1308_LSC - P (frontal).mp4,P (frontal)
1309_LSC - P (lateral).mp4,P (lateral)
1310_LSC - Q.mp4,Q
1311_LSC - Quatre - 4.mp4,Quatre - 4
1312_LSC - Quinze - 15.mp4,Quinze - 15
1313_LSC - R.mp4,R
1314_LSC - RR.mp4,RR
1315_LSC - S.mp4,S
1316_LSC - Set - 7.mp4,Set - 7
1317_LSC - Setze - 16.mp4,Setze - 16
1318_LSC - Sis - 6.mp4,Sis - 6
1319_LSC - SS.mp4,SS
1320_LSC - T.mp4,T
1321_LSC - Tres - 3.mp4,Tres - 3
1322_LSC - Tretze - 13.mp4,Tretze - 13
1323_LSC - TX.mp4,TX
1324_LSC - U.mp4,U
1325_LSC - Un ⧸ una -1.mp4,Un ⧸ una -1
1326_LSC - V.mp4,V
1327_LSC - Vint - 20.mp4,Vint - 20
1328_LSC - Vuit - 8.mp4,Vuit - 8
1329_LSC - W.mp4,W
1330_LSC - X.mp4,X
1331_LSC - Y.mp4,Y
1332_LSC - Z.mp4,Z
1333_LSC - Zero - 0.mp4,Zero - 0
1334_LSC - Turisme.mp4,Turisme
1335_LSC - Tradició.mp4,Tradició
1336_LSC -  Teatre.mp4,Teatre
1337_LSC - Música.mp4,Música
1338_LSC - Museu.mp4,Museu
1339_LSC - Monument.mp4,Monument
1340_LSC - Llibreria.mp4,Llibreria
1341_LSC - Literatura.mp4,Literatura
1342_LSC - Història.mp4,Història
1343_LSC - Guia.mp4,Guia
1344_LSC - Gramàtica.mp4,Gramàtica
1345_LSC - Fotografia.mp4,Fotografia
1346_LSC - Festa.mp4,Festa
1347_LSC - Exposició.mp4,Exposició
1348_LSC - Escultura.mp4,Escultura
1349_LSC - Diccionari.mp4,Diccionari
1350_LSC - Diari.mp4,Diari
1351_LSC - Cultura.mp4,Cultura
1352_LSC - Cinema.mp4,Cinema
1353_LSC - Ciència.mp4,Ciència
1354_LSC - Artista.mp4,Artista
1355_LSC - Art.mp4,Art
1356_LSC - Arquitectura.mp4,Arquitectura
1357_LSC - Alberg.mp4,Alberg
1372_LSC - USB ⧸ llapis de memòria.mp4,USB ⧸ llapis de memòria
1373_LSC - Ordinador.mp4,Ordinador
1374_LSC - Reproductor DVD.mp4,Reproductor DVD
1375_LSC - Telèfon.mp4,Telèfon
1376_LSC - Xat.mp4,Xat
1377_LSC - Centre d'Intermediació Imserso.mp4,Centre d'Intermediació Imserso
1378_LSC - Disc dur.mp4,Disc dur
1379_LSC - Màquina.mp4,Màquina
1380_LSC - Missatge (2).mp4,Missatge (2)
1381_LSC - Missatge (1).mp4,Missatge (1)
1382_LSC - Instagram.mp4,Instagram
1383_LSC - Internet.mp4,Internet
1384_LSC - Impressora.mp4,Impressora
1385_LSC - Implant coclear.mp4,Implant coclear
1386_LSC - Fax.mp4,Fax
1387_LSC - Facebook.mp4,Facebook
1388_LSC - Escàner.mp4,Escàner
1389_LSC - Electricitat.mp4,Electricitat
1390_LSC - Digital.mp4,Digital
1391_LSC - Despertador vibrador.mp4,Despertador vibrador
1392_LSC - Despertador de llum.mp4,Despertador de llum
1393_LSC - Correu electrònic.mp4,Correu electrònic
1394_LSC - Comandament a distància.mp4,Comandament a distància
1395_LSC - Audiòfon.mp4,Audiòfon
1396_LSC - Arrova.mp4,Arrova
1397_LSC - Ajudes tècniques.mp4,Ajudes tècniques
1398_LSC - Aire condicionat.mp4,Aire condicionat
1399_LSC - Wifi.mp4,Wifi
1400_LSC - Videojoc.mp4,Videojoc
1401_LSC - Web.mp4,Web
1402_LSC - Twitter.mp4,Twitter
1403_LSC - Videoconferència.mp4,Videoconferència
1404_LSC - Televisió.mp4,Televisió
1405_LSC - Tecnologia.mp4,Tecnologia
1406_LSC - Teclat.mp4,Teclat
1407_LSC - Tauleta.mp4,Tauleta
1408_LSC - Subtitulació.mp4,Subtitulació
1409_LSC - Encaminador (1).mp4,Encaminador (1)
1410_LSC - Encaminador (2).mp4,Encaminador (2)
1411_LSC - Ratolí (informàtic).mp4,Ratolí (informàtic)
1412_LSC - Pantalla.mp4,Pantalla
1413_LSC - Whatsapp.mp4,Whatsapp
1414_LSC - Eina.mp4,Eina
1415_LSC - Telèfon mòbil.mp4,Telèfon mòbil
1436_LSC - Vermell.mp4,Vermell
1437_LSC - Verd.mp4,Verd
1438_LSC - Triangle.mp4,Triangle
1439_LSC - Taronja.mp4,Taronja
1440_LSC -  Rosa.mp4,Rosa
1441_LSC - Ros.mp4,Ros
1442_LSC - Rombe.mp4,Rombe
1443_LSC - Rectangle.mp4,Rectangle
1444_LSC - Quadrat.mp4,Quadrat
1445_LSC - Oval  (2).mp4,Oval  (2)
1446_LSC - Negre.mp4,Negre
1447_LSC - Mitja lluna.mp4,Mitja lluna
1448_LSC - Marró.mp4,Marró
1449_LSC - Lila (1).mp4,Lila (1)
1450_LSC - Groc.mp4,Groc
1451_LSC - Gris.mp4,Gris
1452_LSC - Forma.mp4,Forma
1453_LSC - Estrella.mp4,Estrella
1454_LSC - Cor.mp4,Cor
1455_LSC - Color.mp4,Color
1456_LSC - Cercle.mp4,Cercle
1457_LSC - Blau.mp4,Blau
1458_LSC - Blanc.mp4,Blanc
1459_LSC - Beix.mp4,Beix
1460_LSC - Oval (1).mp4,Oval (1)
1461_LSC - Lila (2).mp4,Lila (2)
1462_LSC - Abans.mp4,Abans
1463_LSC - Abril.mp4,Abril
1464_LSC - Agost.mp4,Agost
1465_LSC - Ahir.mp4,Ahir
1466_LSC - Any.mp4,Any
1467_LSC - Avui.mp4,Avui
1468_LSC - Calendari (1).mp4,Calendari (1)
1469_LSC - Calendari (2).mp4,Calendari (2)
1470_LSC - Clarejar.mp4,Clarejar
1471_LSC - Demà.mp4,Demà
1472_LSC - Desembre.mp4,Desembre
1473_LSC - Després.mp4,Després
1474_LSC - Dijous.mp4,Dijous
1475_LSC - Dilluns.mp4,Dilluns
1476_LSC - Dimarts.mp4,Dimarts
1477_LSC - Dimecres.mp4,Dimecres
1478_LSC - Dissabte.mp4,Dissabte
1479_LSC - Diumenge.mp4,Diumenge
1480_LSC - Divendres.mp4,Divendres
1481_LSC - Dos quarts de.mp4,Dos quarts de
1482_LSC - En punt.mp4,En punt
1483_LSC - És l'hora.mp4,És l'hora
1484_LSC - Estiu.mp4,Estiu
1485_LSC - Febrer.mp4,Febrer
1486_LSC - Fer-se de nit.mp4,Fer-se de nit
1487_LSC - Futur.mp4,Futur
1488_LSC - Gener.mp4,Gener
1489_LSC - Hivern.mp4,Hivern
1490_LSC - Hora.mp4,Hora
1491_LSC - Juliol.mp4,Juliol
1492_LSC - Juny.mp4,Juny
1493_LSC - Maig.mp4,Maig
1494_LSC - Març.mp4,Març
1495_LSC - Matí.mp4,Matí
1496_LSC - Mes.mp4,Mes
1497_LSC - Migdia.mp4,Migdia
1498_LSC - Minut (1).mp4,Minut (1)
1499_LSC - Minut (2).mp4,Minut (2)
1500_LSC - Nadal.mp4,Nadal
1501_LSC - Nit.mp4,Nit
1502_LSC - Novembre.mp4,Novembre
1503_LSC - Octubre.mp4,Octubre
1504_LSC - Onze de setembre ⧸ diada.mp4,Onze de setembre ⧸ diada
1505_LSC -  Passat.mp4,Passat
1506_LSC - Present.mp4,Present
1507_LSC - Primavera.mp4,Primavera
1508_LSC - Quan  (futur).mp4,Quan  (futur)
1509_LSC - Quan (passat).mp4,Quan (passat)
1510_LSC - Quatre estacions.mp4,Quatre estacions
1511_LSC - Sant Jordi.mp4,Sant Jordi
1512_LSC - Segon.mp4,Segon
1513_LSC - Sempre.mp4,Sempre
1514_LSC - Setembre.mp4,Setembre
1515_LSC - Setmana (1).mp4,Setmana (1)
1516_SLC - Setmana (2).mp4,Setmana (2)
1517_LSC - Setmana Santa.mp4,Setmana Santa
1518_LSC - Sovint.mp4,Sovint
1519_LSC - Tard.mp4,Tard
1520_LSC - Tarda.mp4,Tarda
1521_LSC - Tardor (1).mp4,Tardor (1)
1522_LSC - Tardor (2).mp4,Tardor (2)
1523_LSC - Temps.mp4,Temps
1524_LSC - Tres quarts de.mp4,Tres quarts de
1525_LSC - Un quart de.mp4,Un quart de
1526_LSC - Adeu.mp4,Adeu
1527_LSC - Si us plau.mp4,Si us plau
1528_LSC - Perdó.mp4,Perdó
1529_LSC - Nom.mp4,Nom
1530_LSC - Molt de gust.mp4,Molt de gust
1531_LSC - Hola.mp4,Hola
1532_LSC - Gràcies.mp4,Gràcies
1533_LSC -  Edat.mp4,Edat
1534_LSC - De res.mp4,De res
1535_LSC - Com estàs？.mp4,Com estàs？
1536_LSC - Bona tarda.mp4,Bona tarda
1537_LSC - Bona nit.mp4,Bona nit
1538_LSC - Bon dia.mp4,Bon dia
1539_LSC   Unanimitat.mp4,Unanimitat
1540_LSC   Torn.mp4,Torn
1541_LSC   Text refós.mp4,Text refós
1542_LSC   Recompte.mp4,Recompte
1543_LSC   Ponència.mp4,Ponència
1544_LSC   Hemicicle.mp4,Hemicicle
1545_LSC   Generalitat de Catalunya.mp4,Generalitat de Catalunya
1546_LSC   Codi.mp4,Codi
1547_LSC   Votació a mà alçada.mp4,Votació a mà alçada
1548_LSC   Interpel·lació.mp4,Interpel·lació
1549_LSC   Votació.mp4,Votació
1550_LSC   Votació telemàtica.mp4,Votació telemàtica
1551_LSC   Votació secreta.mp4,Votació secreta
1552_LSC   Vot.mp4,Vot
1553_LSC   Vot delegat.mp4,Vot delegat
1554_LSC   Vot de qualitat.mp4,Vot de qualitat
1555_LSC   Validació d'un decret llei.mp4,Validació d'un decret llei
1556_LSC   Tribuna d'oradors.mp4,Tribuna d'oradors
1557_LSC   Transposició de normativa europea.mp4,Transposició de normativa europea
1558_LSC   Transfuguisme.mp4,Transfuguisme
1559_LSC   Transacció.mp4,Transacció
1560_LSC   Tràmitació.mp4,Tràmitació
1561_LSC   Tramitació parlamentària.mp4,Tramitació parlamentària
1562_LSC   Tràmit.mp4,Tràmit
1563_LSC   Tràmit d'audiència.mp4,Tràmit d'audiència
1564_LSC   Torn de paraula.mp4,Torn de paraula
1565_LSC   Títol d'una llei.mp4,Títol d'una llei
1566_LSC   Text consolidat.mp4,Text consolidat
1567_LSC   Text articulat.mp4,Text articulat
1568_LSC   Termini.mp4,Termini
1569_LSC   Substanciació.mp4,Substanciació
1570_LSC   Sessió de control.mp4,Sessió de control
1571_LSC   Senador.mp4,Senador
1572_LSC   Saló de sessions.mp4,Saló de sessions
1573_LSC   Sala de passos perduts.mp4,Sala de passos perduts
1574_LSC   Resolució.mp4,Resolució
1575_LSC   Repregunta.mp4,Repregunta
1576_LSC   Replica.mp4,Replica
1577_LSC   Reglament del Parlament.mp4,Reglament del Parlament
1578_LSC   Refosa legislativa.mp4,Refosa legislativa
1579_LSC   Recurs d'inconstitucionalitat.mp4,Recurs d'inconstitucionalitat
1580_LSC   Rebuig.mp4,Rebuig
1581_LSC   Quòrum.mp4,Quòrum
1582_LSC   Qüestió de confiança.mp4,Qüestió de confiança
1583_LSC   Pròrroga.mp4,Pròrroga
1584_LSC   Proposta legislativa.mp4,Proposta legislativa
1585_LSC   Proposta de resolució.mp4,Proposta de resolució
1586_LSC   Proposició no de llei.mp4,Proposició no de llei
1587_LSC   Proposició de llei.mp4,Proposició de llei
1588_LSC   Promulgació.mp4,Promulgació
1589_LSC   Projecte de llei.mp4,Projecte de llei
1590_LSC   Programa de govern.mp4,Programa de govern
1591_LSC   Procediment legislatiu.mp4,Procediment legislatiu
1592_LSC   Pressupost.mp4,Pressupost
1593_LSC   President del Parlament.mp4,President del Parlament
1594_LSC   President de Catalunya.mp4,President de Catalunya
1595_LSC   Pregunta oral.mp4,Pregunta oral
1596_LSC   Pregunta escrita.mp4,Pregunta escrita
1597_LSC   Pregunta amb resposta oral.mp4,Pregunta amb resposta oral
1598_LSC   Pregunta amb resposta escrita.mp4,Pregunta amb resposta escrita
1599_LSC   Preàmbul.mp4,Preàmbul
1600_LSC   Preàmbul1.mp4,Preàmbul1
1601_LSC   Portaveu.mp4,Portaveu
1602_LSC   Ponent.mp4,Ponent
1603_LSC   Política.mp4,Política
1604_LSC   Ple.mp4,Ple
1605_LSC   Ple monogràfic.mp4,Ple monogràfic
1606_LSC   Període de sesions.mp4,Període de sesions
1607_LSC   Parlament.mp4,Parlament
1608_LSC   Paritat.mp4,Paritat
1609_LSC   Ordre del dia.mp4,Ordre del dia
1610_LSC   Oposició.mp4,Oposició
1611_LSC   Moció.mp4,Moció
1612_LSC   Moció de confiança.mp4,Moció de confiança
1613_LSC   Moció de censura.mp4,Moció de censura
1614_LSC   Mesa del Parlament.mp4,Mesa del Parlament
1615_LSC   Mesa de comissió.mp4,Mesa de comissió
1616_LSC   Mandat parlamentari.mp4,Mandat parlamentari
1617_LSC   Majoria.mp4,Majoria
1618_LSC   Majoria simple.mp4,Majoria simple
1619_LSC   Majoria qualificada.mp4,Majoria qualificada
1620_LSC   Majoria absoluta.mp4,Majoria absoluta
1621_LSC   Lletrat.mp4,Lletrat
1622_LSC   Llei.mp4,Llei
1623_LSC   Llei de pressupostos.mp4,Llei de pressupostos
1624_LSC   Llei de mesures.mp4,Llei de mesures
1625_LSC   Llei de desplegament bàsic.mp4,Llei de desplegament bàsic
1626_LSC   Legislatura.mp4,Legislatura
1627_LSC   Lectura única.mp4,Lectura única
1628_LSC   Junta de portaveus.mp4,Junta de portaveus
1629_LSC   Investidura.mp4,Investidura
1630_LSC   Intervenció.mp4,Intervenció
1631_LSC   Iniciativa parlamentària.mp4,Iniciativa parlamentària
1632_LSC   Iniciativa legislativa.mp4,Iniciativa legislativa
1633_LSC   Grup parlamentari.mp4,Grup parlamentari
1634_LSC   Govern de Catalunya.mp4,Govern de Catalunya
1635_LSC   Finiment de legislatura.mp4,Finiment de legislatura
1636_LSC   Filibusterisme.mp4,Filibusterisme
1637_LSC   Faristol.mp4,Faristol
1638_LSC   Exposició de motius.mp4,Exposició de motius
1639_LSC   Exposició de motius1.mp4,Exposició de motius1
1640_LSC   Explicació de vot.mp4,Explicació de vot
1641_LSC   Estatut d'Autonomia.mp4,Estatut d'Autonomia
1642_LSC   Esmena.mp4,Esmena
1643_LSC   Esmena a la totalitat.mp4,Esmena a la totalitat
1644_LSC   Escrutini.mp4,Escrutini
1645_LSC   Escó.mp4,Escó
1646_LSC   Entrada en vigor.mp4,Entrada en vigor
1647_LSC   Empat.mp4,Empat
1648_LSC   Disciplina de grup.mp4,Disciplina de grup
1649_LSC   Diputat diputada.mp4,Diputat diputada
1650_LSC   Diputació permanent.mp4,Diputació permanent
1651_LSC   Dictamen de la comissió.mp4,Dictamen de la comissió
1652_LSC   Diari de sessions.mp4,Diari de sessions
1653_LSC   Desplegament normatiu.mp4,Desplegament normatiu
1654_LSC   Derogació.mp4,Derogació
1655_LSC   Departament del Govern.mp4,Departament del Govern
1656_LSC   Delegació de vot.mp4,Delegació de vot
1657_LSC   Decret.mp4,Decret
1658_LSC   Decret llei.mp4,Decret llei
1659_LSC   Decret legislatiu.mp4,Decret legislatiu
1660_LSC   Decòrum.mp4,Decòrum
1661_LSC   Declaració del Parlament.mp4,Declaració del Parlament
1662_LSC   Decaïment.mp4,Decaïment
1663_LSC   Debat.mp4,Debat
1664_LSC   Debat de totalitat.mp4,Debat de totalitat
1665_LSC   Debat de política general.mp4,Debat de política general
1666_LSC   Credencial de diputat.mp4,Credencial de diputat
1667_LSC   Cortesia parlamentària.mp4,Cortesia parlamentària
1668_LSC   Conseller Consellera.mp4,Conseller Consellera
1669_LSC   Conflicte de competències.mp4,Conflicte de competències
1670_LSC   Competència.mp4,Competència
1671_LSC   Compareixent.mp4,Compareixent
1672_LSC   Compareixença.mp4,Compareixença
1673_LSC   Comissió parlamentària.mp4,Comissió parlamentària
1674_LSC   Comissió legislativa.mp4,Comissió legislativa
1675_LSC   Coalició.mp4,Coalició
1676_LSC   Circumscripció electoral.mp4,Circumscripció electoral
1677_LSC   Capteniment.mp4,Capteniment
1678_LSC   Cap de l'oposició.mp4,Cap de l'oposició
1679_LSC   Candidat Candidata.mp4,Candidat Candidata
1680_LSC   Cambra parlamentària.mp4,Cambra parlamentària
1681_LSC   Butlletí oficial.mp4,Butlletí oficial
1682_LSC   BOPC.mp4,BOPC
1683_LSC   Banc del Govern.mp4,Banc del Govern
1684_LSC   Avantprojecte de llei.mp4,Avantprojecte de llei
1685_LSC   Assentiment.mp4,Assentiment
1686_LSC   Article.mp4,Article
1687_LSC   Aprovació.mp4,Aprovació
1688_LSC   Adscripció a un grup parlamentari.mp4,Adscripció a un grup parlamentari
1689_LSC   Admissió a tràmit.mp4,Admissió a tràmit
1690_LSC   Acabament de legislatura.mp4,Acabament de legislatura
1691_LSC   Abstenció.mp4,Abstenció
